{
  "urls": [
    "ch3.mp3",
    "ch3.ogg",
    "ch3.m4a"
  ],
  "sprite": {
    "silence": [
      0,
      1000,
      true
    ],
    "BetMax": [
      1050,
      1777.7777777777774
    ],
    "LuckyNumberSelect_1": [
      3099.9999999999995,
      1799.9999999999998
    ],
    "NumberSelect_1": [
      5149.999999999999,
      1500
    ],
    "WinningNumberSelect": [
      7199.999999999999,
      2426.122448979591
    ],
    "WinScale_3": [
      10249.999999999998,
      1500
    ]
  }
}