{
  "urls": [
    "ch9.mp3",
    "ch9.ogg",
    "ch9.m4a"
  ],
  "sprite": {
    "silence": [
      0,
      1000,
      true
    ],
    "BonusActivated": [
      1050,
      1999.9999999999998
    ],
    "CashoutToken": [
      3099.9999999999995,
      248.25396825396817
    ],
    "InstantWin": [
      4149.999999999999,
      2300
    ]
  }
}