{
  "urls": [
    "ch4.mp3",
    "ch4.ogg",
    "ch4.m4a"
  ],
  "sprite": {
    "silence": [
      0,
      1000,
      true
    ],
    "NumberSelect_2": [
      1050,
      1499.9999999999998
    ],
    "UI_Click": [
      3099.9999999999995,
      1038.2539682539687
    ],
    "WinScale_4": [
      5150,
      1500
    ]
  }
}