{
  "urls": [
    "ch6.mp3",
    "ch6.ogg",
    "ch6.m4a"
  ],
  "sprite": {
    "silence": [
      0,
      1000,
      true
    ],
    "LuckyNumberSelect_3": [
      1050,
      1800
    ],
    "NumberSelect_4": [
      3100,
      1499.9999999999995
    ],
    "WinScale_6": [
      5149.999999999999,
      1498.8888888888887
    ]
  }
}