{
  "urls": [
    "ch11.mp3",
    "ch11.ogg",
    "ch11.m4a"
  ],
  "sprite": {
    "silence": [
      0,
      1000,
      true
    ],
    "WinAll_CountEnd": [
      1050,
      2000.8390022675737
    ],
    "WinAll_Revealed": [
      4100,
      1999.9092970521542
    ]
  }
}