{
  "urls": [
    "ch2.mp3",
    "ch2.ogg",
    "ch2.m4a"
  ],
  "sprite": {
    "silence": [
      0,
      1000,
      true
    ],
    "BetUp": [
      1050,
      1777.7777777777774
    ],
    "BonusNoWin": [
      3099.9999999999995,
      2240.226757369614
    ],
    "BuyButton": [
      6149.999999999999,
      3333.333333333333
    ],
    "WinScale_2": [
      10200,
      1500.3628117913834
    ]
  }
}