{
  "urls": [
    "ch5.mp3",
    "ch5.ogg",
    "ch5.m4a"
  ],
  "sprite": {
    "silence": [
      0,
      1000,
      true
    ],
    "LuckyNumberSelect_2": [
      1050,
      1794.467120181406
    ],
    "NumberSelect_3": [
      3100,
      1499.9999999999995
    ],
    "WinScale_5": [
      5149.999999999999,
      1500
    ]
  }
}